"Years","Glasses"
74.9058813044401,1
78.5211445437135,0
73.3168100620962,0
76.7896419903606,1
74.0119129792245,1
73.948701645376,1
79.956469023626,3
73.8945774151514,0
75.415106326243,1
85.8813051439521,4
81.2124890427733,3
77.6107362726546,2
78.7186812151544,3
76.0083279333879,2
76.4804327998428,1
76.7277180844671,2
82.6481750674067,2
80.4643404038468,2
83.3548571591384,3
75.9047352889264,1
